{
    "systeminfo": "CPU INFO\nModel name:Intel(R) Core(TM) i7-7700HQ CPU @ 2.80GHz , Architecture:x86_64 , CPU(s):8 , MemTotal:16382544 kB , ", 
    "time": {
        "gensim": 18, 
        "originalc": 50
    }, 
    "wordpairs": {
        "gensim": [
            [
                "EN-MC-30.txt", 
                0.42439081033741621
            ], 
            [
                "EN-MEN-TR-3k.txt", 
                0.35150492911757636
            ], 
            [
                "EN-MTurk-287.txt", 
                0.41317801115814756
            ], 
            [
                "EN-MTurk-771.txt", 
                0.35936752497867158
            ], 
            [
                "EN-RG-65.txt", 
                0.36749680544025276
            ], 
            [
                "EN-RW-STANFORD.txt", 
                0.2866972867507846
            ], 
            [
                "EN-SIMLEX-999.txt", 
                0.2095093523207362
            ], 
            [
                "EN-VERB-143.txt", 
                0.28466803466874313
            ], 
            [
                "EN-WS-353-ALL.txt", 
                0.38373263066992697
            ], 
            [
                "EN-WS-353-REL.txt", 
                0.29536374600182508
            ], 
            [
                "EN-WS-353-SIM.txt", 
                0.48046029173229921
            ], 
            [
                "EN-YP-130.txt", 
                0.18523784898529655
            ]
        ], 
        "originalc": [
            [
                "EN-MC-30.txt", 
                0.49426952792836987
            ], 
            [
                "EN-MEN-TR-3k.txt", 
                0.4794197390117374
            ], 
            [
                "EN-MTurk-287.txt", 
                0.55689497213364847
            ], 
            [
                "EN-MTurk-771.txt", 
                0.4248989583782104
            ], 
            [
                "EN-RG-65.txt", 
                0.51436439583921201
            ], 
            [
                "EN-RW-STANFORD.txt", 
                0.29895053667643035
            ], 
            [
                "EN-SIMLEX-999.txt", 
                0.20477401259086742
            ], 
            [
                "EN-VERB-143.txt", 
                0.32270582517043944
            ], 
            [
                "EN-WS-353-ALL.txt", 
                0.46800992031271904
            ], 
            [
                "EN-WS-353-REL.txt", 
                0.38916607393658059
            ], 
            [
                "EN-WS-353-SIM.txt", 
                0.55809060776896247
            ], 
            [
                "EN-YP-130.txt", 
                0.30205902516750888
            ]
        ]
    }, 
    "qa": {
        "gensim": [
            [
                "capital-common-countries", 
                "0.98814229249"
            ], 
            [
                "capital-world", 
                "1.44628099174"
            ], 
            [
                "currency", 
                "0.746268656716"
            ], 
            [
                "city-in-state", 
                "1.71865054106"
            ], 
            [
                "family", 
                "12.091503268"
            ], 
            [
                "gram1-adjective-to-adverb", 
                "1.85185185185"
            ], 
            [
                "gram2-opposite", 
                "0.0"
            ], 
            [
                "gram3-comparative", 
                "2.30158730159"
            ], 
            [
                "gram4-superlative", 
                "0.0"
            ], 
            [
                "gram5-present-participle", 
                "1.51209677419"
            ], 
            [
                "gram6-nationality-adjective", 
                "5.68927789934"
            ], 
            [
                "gram7-past-tense", 
                "1.95195195195"
            ], 
            [
                "gram8-plural", 
                "4.53629032258"
            ], 
            [
                "gram9-plural-verbs", 
                "0.769230769231"
            ], 
            [
                "total", 
                "2.47799152266"
            ]
        ], 
        "originalc": [
            [
                "capital-common-countries", 
                "1.77865612648"
            ], 
            [
                "capital-world", 
                "1.65289256198"
            ], 
            [
                "currency", 
                "1.49253731343"
            ], 
            [
                "city-in-state", 
                "0.318268618714"
            ], 
            [
                "family", 
                "7.18954248366"
            ], 
            [
                "gram1-adjective-to-adverb", 
                "1.19047619048"
            ], 
            [
                "gram2-opposite", 
                "0.326797385621"
            ], 
            [
                "gram3-comparative", 
                "5.07936507937"
            ], 
            [
                "gram4-superlative", 
                "0.98814229249"
            ], 
            [
                "gram5-present-participle", 
                "3.9314516129"
            ], 
            [
                "gram6-nationality-adjective", 
                "9.84682713348"
            ], 
            [
                "gram7-past-tense", 
                "2.55255255255"
            ], 
            [
                "gram8-plural", 
                "2.62096774194"
            ], 
            [
                "gram9-plural-verbs", 
                "2.30769230769"
            ], 
            [
                "total", 
                "3.19530485817"
            ]
        ]
    }, 
    "frameworks": [
        "gensim", 
        "originalc"
    ], 
    "trainingparams": "sample=0.001, log_level='INFO', platform='aws', workers=7, negative=5, batch_size=16, epochs=1, frameworks=['gensim', 'originalc'], window=5, file='data/text8', alpha=0.025, min_count=5, sg=1, size=10", 
    "memory": {
        "gensim": 130, 
        "originalc": 529
    }
}