{
    "frameworks": [
        "tensorflow", 
        "dl4j", 
        "gensim", 
        "originalc", 
        "tensorflow-gpu"
    ], 
    "systeminfo": "CPU INFO\nModel name:Intel(R) Core(TM) i7-7700HQ CPU @ 2.80GHz, Architecture:x86_64, CPU(s):8, MemTotal:16382532 kB, \nGPU INFO\nModel Name : GeForce GTX 1060, Total FB Memory : 3011 MiB, CUDA Version : CUDA Version 8.0.61", 
    "time": {
        "tensorflow-gpu": 3161, 
        "tensorflow": 728, 
        "dl4j": 322, 
        "gensim": 88, 
        "originalc": 64
    }, 
    "wordpairs": {
        "tensorflow-gpu": [
            [
                "EN-MC-30.txt", 
                0.29353512261932457
            ], 
            [
                "EN-MEN-TR-3k.txt", 
                0.1210982602965326
            ], 
            [
                "EN-MTurk-287.txt", 
                0.30096793186081178
            ], 
            [
                "EN-MTurk-771.txt", 
                0.11838852150491497
            ], 
            [
                "EN-RG-65.txt", 
                0.18391231744155379
            ], 
            [
                "EN-RW-STANFORD.txt", 
                -0.033155170679996224
            ], 
            [
                "EN-SIMLEX-999.txt", 
                0.012171056513328785
            ], 
            [
                "EN-VERB-143.txt", 
                0.17691574655991449
            ], 
            [
                "EN-WS-353-ALL.txt", 
                0.20170518484766048
            ], 
            [
                "EN-WS-353-REL.txt", 
                0.18048474162137398
            ], 
            [
                "EN-WS-353-SIM.txt", 
                0.26051731478642787
            ], 
            [
                "EN-YP-130.txt", 
                0.16736187165485
            ]
        ], 
        "tensorflow": [
            [
                "EN-MC-30.txt", 
                0.31378659809950538
            ], 
            [
                "EN-MEN-TR-3k.txt", 
                0.12094394875796009
            ], 
            [
                "EN-MTurk-287.txt", 
                0.29933855913964624
            ], 
            [
                "EN-MTurk-771.txt", 
                0.12299250453688756
            ], 
            [
                "EN-RG-65.txt", 
                0.19652282334336918
            ], 
            [
                "EN-RW-STANFORD.txt", 
                -0.0284786243312019
            ], 
            [
                "EN-SIMLEX-999.txt", 
                0.012022546055314264
            ], 
            [
                "EN-VERB-143.txt", 
                0.18721454772091622
            ], 
            [
                "EN-WS-353-ALL.txt", 
                0.21377845504288545
            ], 
            [
                "EN-WS-353-REL.txt", 
                0.2005278086867707
            ], 
            [
                "EN-WS-353-SIM.txt", 
                0.26723517590767404
            ], 
            [
                "EN-YP-130.txt", 
                0.18536221633320635
            ]
        ], 
        "dl4j": [
            [
                "EN-MC-30.txt", 
                0.50717706175090271
            ], 
            [
                "EN-MEN-TR-3k.txt", 
                0.56205325375966775
            ], 
            [
                "EN-MTurk-287.txt", 
                0.61630420676920084
            ], 
            [
                "EN-MTurk-771.txt", 
                0.52306117957065523
            ], 
            [
                "EN-RG-65.txt", 
                0.58198468225206601
            ], 
            [
                "EN-RW-STANFORD.txt", 
                0.35425587873177916
            ], 
            [
                "EN-SIMLEX-999.txt", 
                0.28641998790041673
            ], 
            [
                "EN-VERB-143.txt", 
                0.32940477199084495
            ], 
            [
                "EN-WS-353-ALL.txt", 
                0.63950827237319774
            ], 
            [
                "EN-WS-353-REL.txt", 
                0.59691017601341068
            ], 
            [
                "EN-WS-353-SIM.txt", 
                0.68886831966796835
            ], 
            [
                "EN-YP-130.txt", 
                0.34002764491173554
            ]
        ], 
        "gensim": [
            [
                "EN-MC-30.txt", 
                0.59841997325501417
            ], 
            [
                "EN-MEN-TR-3k.txt", 
                0.57192740862354841
            ], 
            [
                "EN-MTurk-287.txt", 
                0.62508029115898989
            ], 
            [
                "EN-MTurk-771.txt", 
                0.53830966995845675
            ], 
            [
                "EN-RG-65.txt", 
                0.57722022768257597
            ], 
            [
                "EN-RW-STANFORD.txt", 
                0.37757838195248566
            ], 
            [
                "EN-SIMLEX-999.txt", 
                0.30437701173506237
            ], 
            [
                "EN-VERB-143.txt", 
                0.32807141812055712
            ], 
            [
                "EN-WS-353-ALL.txt", 
                0.66920671604616322
            ], 
            [
                "EN-WS-353-REL.txt", 
                0.63541629932938626
            ], 
            [
                "EN-WS-353-SIM.txt", 
                0.70867829331679277
            ], 
            [
                "EN-YP-130.txt", 
                0.29986796512639219
            ]
        ], 
        "originalc": [
            [
                "EN-MC-30.txt", 
                0.60287084698692206
            ], 
            [
                "EN-MEN-TR-3k.txt", 
                0.57125242457079428
            ], 
            [
                "EN-MTurk-287.txt", 
                0.6217770130217074
            ], 
            [
                "EN-MTurk-771.txt", 
                0.53262357728033116
            ], 
            [
                "EN-RG-65.txt", 
                0.55219591354465813
            ], 
            [
                "EN-RW-STANFORD.txt", 
                0.37899576498279114
            ], 
            [
                "EN-SIMLEX-999.txt", 
                0.2957599201346397
            ], 
            [
                "EN-VERB-143.txt", 
                0.33743506158972802
            ], 
            [
                "EN-WS-353-ALL.txt", 
                0.67837686794533247
            ], 
            [
                "EN-WS-353-REL.txt", 
                0.63795934267254417
            ], 
            [
                "EN-WS-353-SIM.txt", 
                0.71383462300055811
            ], 
            [
                "EN-YP-130.txt", 
                0.2832758977699556
            ]
        ]
    },