{
    "frameworks": [
        "gensim", 
        "originalc", 
        "tensorflow", 
        "dl4j", 
        "tensorflow-gpu"
    ], 
    "systeminfo": "CPU INFO\nModel name:Intel(R) Core(TM) i7-7700HQ CPU @ 2.80GHz, Architecture:x86_64, CPU(s):8, MemTotal:16382532 kB, \nGPU INFO\nModel Name : GeForce GTX 1060, Total FB Memory : 3011 MiB, CUDA Version : CUDA Version 8.0.61", 
    "time": {
        "tensorflow-gpu": 6323, 
        "tensorflow": 1584, 
        "dl4j": 622, 
        "gensim": 152, 
        "originalc": 112
    }, 
    "wordpairs": {
        "tensorflow-gpu": [
            [
                "EN-MC-30.txt", 
                0.45510183908758062
            ], 
            [
                "EN-MEN-TR-3k.txt", 
                0.15720353365948944
            ], 
            [
                "EN-MTurk-287.txt", 
                0.3713067996226006
            ], 
            [
                "EN-MTurk-771.txt", 
                0.16588186065910779
            ], 
            [
                "EN-RG-65.txt", 
                0.22810372633838347
            ], 
            [
                "EN-RW-STANFORD.txt", 
                -0.0029391072854402789
            ], 
            [
                "EN-SIMLEX-999.txt", 
                0.076966909377311224
            ], 
            [
                "EN-VERB-143.txt", 
                0.22681093437566391
            ], 
            [
                "EN-WS-353-ALL.txt", 
                0.28691045112688235
            ], 
            [
                "EN-WS-353-REL.txt", 
                0.27731504417242325
            ], 
            [
                "EN-WS-353-SIM.txt", 
                0.33281804030850037
            ], 
            [
                "EN-YP-130.txt", 
                0.14109475620366591
            ]
        ], 
        "tensorflow": [
            [
                "EN-MC-30.txt", 
                0.4444197421310016
            ], 
            [
                "EN-MEN-TR-3k.txt", 
                0.16052817248358836
            ], 
            [
                "EN-MTurk-287.txt", 
                0.37568252983712619
            ], 
            [
                "EN-MTurk-771.txt", 
                0.17302795364211315
            ], 
            [
                "EN-RG-65.txt", 
                0.22159084807366772
            ], 
            [
                "EN-RW-STANFORD.txt", 
                -0.0049825516178147056
            ], 
            [
                "EN-SIMLEX-999.txt", 
                0.077364984032278136
            ], 
            [
                "EN-VERB-143.txt", 
                0.22515982799933462
            ], 
            [
                "EN-WS-353-ALL.txt", 
                0.28628759121047481
            ], 
            [
                "EN-WS-353-REL.txt", 
                0.27277346169342331
            ], 
            [
                "EN-WS-353-SIM.txt", 
                0.33243511931264258
            ], 
            [
                "EN-YP-130.txt", 
                0.1350227033351287
            ]
        ], 
        "dl4j": [
            [
                "EN-MC-30.txt", 
                0.57483034247590248
            ], 
            [
                "EN-MEN-TR-3k.txt", 
                0.63076471408092816
            ], 
            [
                "EN-MTurk-287.txt", 
                0.6271122918339227
            ], 
            [
                "EN-MTurk-771.txt", 
                0.55257479493703532
            ], 
            [
                "EN-RG-65.txt", 
                0.63867732056975945
            ], 
            [
                "EN-RW-STANFORD.txt", 
                0.34898871193556508
            ], 
            [
                "EN-SIMLEX-999.txt", 
                0.25007100533210957
            ], 
            [
                "EN-VERB-143.txt", 
                0.36628618470156765
            ], 
            [
                "EN-WS-353-ALL.txt", 
                0.65425086292303325
            ], 
            [
                "EN-WS-353-REL.txt", 
                0.63001868793630633
            ], 
            [
                "EN-WS-353-SIM.txt", 
                0.71298651851353467
            ], 
            [
                "EN-YP-130.txt", 
                0.39093412670175492
            ]
        ], 
        "gensim": [
            [
                "EN-MC-30.txt", 
                0.6273506525124154
            ], 
            [
                "EN-MEN-TR-3k.txt", 
                0.57493795217200627
            ], 
            [
                "EN-MTurk-287.txt", 
                0.61122905128690808
            ], 
            [
                "EN-MTurk-771.txt", 
                0.53748702121813319
            ], 
            [
                "EN-RG-65.txt", 
                0.60679044342808075
            ], 
            [
                "EN-RW-STANFORD.txt", 
                0.37272256627277289
            ], 
            [
                "EN-SIMLEX-999.txt", 
                0.30381388653258024
            ], 
            [
                "EN-VERB-143.txt", 
                0.36026296472945274
            ], 
            [
                "EN-WS-353-ALL.txt", 
                0.67632485740762915
            ], 
            [
                "EN-WS-353-REL.txt", 
                0.6478678014639323
            ], 
            [
                "EN-WS-353-SIM.txt", 
                0.71710546717240009
            ], 
            [
                "EN-YP-130.txt", 
                0.27176826022512551
            ]
        ], 
        "originalc": [
            [
                "EN-MC-30.txt", 
                0.59241129371693846
            ], 
            [
                "EN-MEN-TR-3k.txt", 
                0.56954388637436226
            ], 
            [
                "EN-MTurk-287.txt", 
                0.63427734049458517
            ], 
            [
                "EN-MTurk-771.txt", 
                0.54200327704121376
            ], 
            [
                "EN-RG-65.txt", 
                0.54275442559043929
            ], 
            [
                "EN-RW-STANFORD.txt", 
                0.37516647133304476
            ], 
            [
                "EN-SIMLEX-999.txt", 
                0.30376633147034782
            ], 
            [
                "EN-VERB-143.txt", 
                0.32267968097690436
            ], 
            [
                "EN-WS-353-ALL.txt", 
                0.66960174437808839
            ], 
            [
                "EN-WS-353-REL.txt", 
                0.63291575387557975
            ], 
            [
                "EN-WS-353-SIM.txt", 
                0.7109321400908909
            ], 
            [
                "EN-YP-130.txt", 
                0.27737576447058787
            ]
        ]
    },