{
    "frameworks": [
        "originalc", 
        "dl4j", 
        "tensorflow", 
        "gensim", 
        "tensorflow-gpu"
    ], 
    "systeminfo": "CPU INFO\nModel name:Intel(R) Core(TM) i7-7700 CPU @ 3.60GHz , Architecture:x86_64 , CPU(s):8 , MemTotal:65838016 kB , \nGPU INFO\nModel Name : GeForce GTX 1080, Total FB Memory : 8113 MiB, CUDA Version : CUDA Version 8.0.61", 
    "time": {
        "tensorflow-gpu": 364626, 
        "tensorflow": 500986, 
        "dl4j": 185779, 
        "originalc": 9316, 
        "gensim": 9518
    }, 
    "wordpairs": {
        "tensorflow-gpu": [
            [
                "EN-MC-30.txt", 
                0.68676981683338556
            ], 
            [
                "EN-MEN-TR-3k.txt", 
                0.59165109200999433
            ], 
            [
                "EN-MTurk-287.txt", 
                0.57213450995167048
            ], 
            [
                "EN-MTurk-771.txt", 
                0.50666869468123932
            ], 
            [
                "EN-RG-65.txt", 
                0.69613489425411412
            ], 
            [
                "EN-RW-STANFORD.txt", 
                0.31723869230042989
            ], 
            [
                "EN-SIMLEX-999.txt", 
                0.291968838293858
            ], 
            [
                "EN-VERB-143.txt", 
                0.32987536747447599
            ], 
            [
                "EN-WS-353-ALL.txt", 
                0.57659042385676129
            ], 
            [
                "EN-WS-353-REL.txt", 
                0.48723149430690388
            ], 
            [
                "EN-WS-353-SIM.txt", 
                0.65434162982474209
            ], 
            [
                "EN-YP-130.txt", 
                0.23861479288819795
            ]
        ], 
        "tensorflow": [
            [
                "EN-MC-30.txt", 
                0.69077560319210274
            ], 
            [
                "EN-MEN-TR-3k.txt", 
                0.59169542193748725
            ], 
            [
                "EN-MTurk-287.txt", 
                0.57223715673548881
            ], 
            [
                "EN-MTurk-771.txt", 
                0.50685621923460966
            ], 
            [
                "EN-RG-65.txt", 
                0.70006884756837207
            ], 
            [
                "EN-RW-STANFORD.txt", 
                0.31841319754003228
            ], 
            [
                "EN-SIMLEX-999.txt", 
                0.29021134684566052
            ], 
            [
                "EN-VERB-143.txt", 
                0.32009140581693385
            ], 
            [
                "EN-WS-353-ALL.txt", 
                0.57426331295302313
            ], 
            [
                "EN-WS-353-REL.txt", 
                0.48474822674126017
            ], 
            [
                "EN-WS-353-SIM.txt", 
                0.65486452758242808
            ], 
            [
                "EN-YP-130.txt", 
                0.23743575251336921
            ]
        ], 
        "dl4j": [
            [
                "EN-MC-30.txt", 
                0.70768892337335254
            ], 
            [
                "EN-MEN-TR-3k.txt", 
                0.6622024561430091
            ], 
            [
                "EN-MTurk-287.txt", 
                0.64092911025204358
            ], 
            [
                "EN-MTurk-771.txt", 
                0.56209493836123259
            ], 
            [
                "EN-RG-65.txt", 
                0.67554720524283152
            ], 
            [
                "EN-RW-STANFORD.txt", 
                0.38234204238664432
            ], 
            [
                "EN-SIMLEX-999.txt", 
                0.25601590389945827
              ], 
              [
                "EN-VERB-143.txt", 
                0.26432785209846948
            ], 
            [
                "EN-WS-353-ALL.txt", 
                0.60107869646941103
            ], 
            [
                "EN-WS-353-REL.txt", 
                0.54492593993514837
            ], 
            [
                "EN-WS-353-SIM.txt", 
                0.67065116235459399
            ], 
            [
                "EN-YP-130.txt", 
                0.29816590639085983
            ]

        ], 
        "originalc": [
            [
                "EN-MC-30.txt", 
                0.72838548622672417
            ], 
            [
                "EN-MEN-TR-3k.txt", 
                0.70848145646528427
            ], 
            [
                "EN-MTurk-287.txt", 
                0.67496844270411638
            ], 
            [
                "EN-MTurk-771.txt", 
                0.62100214256515363
            ], 
            [
                "EN-RG-65.txt", 
                0.70369682673596534
            ], 
            [
                "EN-RW-STANFORD.txt", 
                0.41414017115577378
            ], 
            [
                "EN-SIMLEX-999.txt", 
                0.29084862431768055
            ], 
            [
                "EN-VERB-143.txt", 
                0.4131184796900948
            ], 
            [
                "EN-WS-353-ALL.txt", 
                0.67689285962360202
            ], 
            [
                "EN-WS-353-REL.txt", 
                0.63112828221914163
            ], 
            [
                "EN-WS-353-SIM.txt", 
                0.70849777042940743
            ], 
            [
                "EN-YP-130.txt", 
                0.39570619317715727
            ]
        ], 
        "gensim": [
            [
                "EN-MC-30.txt", 
                0.72794039885353345
            ], 
            [
                "EN-MEN-TR-3k.txt", 
                0.71281244499020791
            ], 
            [
                "EN-MTurk-287.txt", 
                0.67073115236301051
            ], 
            [
                "EN-MTurk-771.txt", 
                0.62116585343780772
            ], 
            [
                "EN-RG-65.txt", 
                0.70808974127021995
            ], 
            [
                "EN-RW-STANFORD.txt", 
                0.42256475436517066
            ], 
            [
                "EN-SIMLEX-999.txt", 
                0.30823451955495851
            ], 
            [
                "EN-VERB-143.txt", 
                0.3674043517481439
            ], 
            [
                "EN-WS-353-ALL.txt", 
                0.67419335641229017
            ], 
            [
                "EN-WS-353-REL.txt", 
                0.61830287827071817
            ], 
            [
                "EN-WS-353-SIM.txt", 
                0.72980531609445176
            ], 
            [
                "EN-YP-130.txt", 
                0.38813954427512404
            ]
        ]
    },