{
    "systeminfo": "CPU INFO\nModel name:Intel(R) Core(TM) i7-7700HQ CPU @ 2.80GHz , Architecture:x86_64 , CPU(s):8 , MemTotal:16382544 kB , \nGPU INFO\nModel Name : GeForce GTX 1060, Total FB Memory : 3011 MiB, CUDA Version : CUDA Version 8.0.61", 
    "time": {
        "tensorflow-gpu": 12058.6517849, 
        "tensorflow": 2864.14668012, 
        "dl4j": 537.181186914, 
        "gensim": 89.6162199974, 
        "originalc": 117.926698208
    }, 
    "wordpairs": {
        "tensorflow-gpu": [
            [
                "EN-MC-30.txt", 
                0.312673879667
            ], 
            [
                "EN-MEN-TR-3k.txt", 
                0.15477720377
            ], 
            [
                "EN-MTurk-287.txt", 
                0.102687941289
            ], 
            [
                "EN-MTurk-771.txt", 
                0.184906724377
            ], 
            [
                "EN-RG-65.txt", 
                0.148987554129
            ], 
            [
                "EN-RW-STANFORD.txt", 
                0.276176689978
            ], 
            [
                "EN-SIMLEX-999.txt", 
                0.202910305301
            ], 
            [
                "EN-VERB-143.txt", 
                0.201372634066
            ], 
            [
                "EN-WS-353-ALL.txt", 
                0.306792850071
            ], 
            [
                "EN-WS-353-REL.txt", 
                0.157747232482
            ], 
            [
                "EN-WS-353-SIM.txt", 
                0.396964586982
            ], 
            [
                "EN-YP-130.txt", 
                0.0566164062043
            ]
        ], 
        "tensorflow": [
            [
                "EN-MC-30.txt", 
                0.313341510726
            ], 
            [
                "EN-MEN-TR-3k.txt", 
                0.154052493852
            ], 
            [
                "EN-MTurk-287.txt", 
                0.101561002149
            ], 
            [
                "EN-MTurk-771.txt", 
                0.184105766648
            ], 
            [
                "EN-RG-65.txt", 
                0.147392117508
            ], 
            [
                "EN-RW-STANFORD.txt", 
                0.275997532272
            ], 
            [
                "EN-SIMLEX-999.txt", 
                0.203732761405
            ], 
            [
                "EN-VERB-143.txt", 
                0.201555643421
            ], 
            [
                "EN-WS-353-ALL.txt", 
                0.306226184912
            ], 
            [
                "EN-WS-353-REL.txt", 
                0.156922697539
            ], 
            [
                "EN-WS-353-SIM.txt", 
                0.396452812343
            ], 
            [
                "EN-YP-130.txt", 
                0.0517916846781
            ]
        ], 
        "dl4j": [
            [
                "EN-MC-30.txt", 
                0.549237818517
            ], 
            [
                "EN-MEN-TR-3k.txt", 
                0.627651963449
            ], 
            [
                "EN-MTurk-287.txt", 
                0.629652227188
            ], 
            [
                "EN-MTurk-771.txt", 
                0.542225451574
            ], 
            [
                "EN-RG-65.txt", 
                0.62611052526
            ], 
            [
                "EN-RW-STANFORD.txt", 
                0.322276521194
            ], 
            [
                "EN-SIMLEX-999.txt", 
                0.25533755791
            ], 
            [
                "EN-VERB-143.txt", 
                0.343092262852
            ], 
            [
                "EN-WS-353-ALL.txt", 
                0.656941828666
            ], 
            [
                "EN-WS-353-REL.txt", 
                0.622602806244
            ], 
            [
                "EN-WS-353-SIM.txt", 
                0.715721564486
            ], 
            [
                "EN-YP-130.txt", 
                0.423814658771
            ]
        ], 
        "gensim": [
            [
                "EN-MC-30.txt", 
                0.638922924215
            ], 
            [
                "EN-MEN-TR-3k.txt", 
                0.572162702124
            ], 
            [
                "EN-MTurk-287.txt", 
                0.615465682319
            ], 
            [
                "EN-MTurk-771.txt", 
                0.531067933339
            ], 
            [
                "EN-RG-65.txt", 
                0.596715151884
            ], 
            [
                "EN-RW-STANFORD.txt", 
                0.377758565211
            ], 
            [
                "EN-SIMLEX-999.txt", 
                0.30751215466
            ], 
            [
                "EN-VERB-143.txt", 
                0.345557861412
            ], 
            [
                "EN-WS-353-ALL.txt", 
                0.67760512661
            ], 
            [
                "EN-WS-353-REL.txt", 
                0.64432112493
            ], 
            [
                "EN-WS-353-SIM.txt", 
                0.718558528594
            ], 
            [
                "EN-YP-130.txt", 
                0.307469004802
            ]
        ], 
        "originalc": [
            [
                "EN-MC-30.txt", 
                0.573717624043
            ], 
            [
                "EN-MEN-TR-3k.txt", 
                0.596396450381
            ], 
            [
                "EN-MTurk-287.txt", 
                0.64559414611
            ], 
            [
                "EN-MTurk-771.txt", 
                0.548739299088
            ], 
            [
                "EN-RG-65.txt", 
                0.552633019468
            ], 
            [
                "EN-RW-STANFORD.txt", 
                0.377401624178
            ], 
            [
                "EN-SIMLEX-999.txt", 
                0.311729324303
            ], 
            [
                "EN-VERB-143.txt", 
                0.371090683037
            ], 
            [
                "EN-WS-353-ALL.txt", 
                0.681141650011
            ], 
            [
                "EN-WS-353-REL.txt", 
                0.654496713312
            ], 
            [
                "EN-WS-353-SIM.txt", 
                0.713501933086
            ], 
            [
                "EN-YP-130.txt", 
                0.303990376923
            ]
        ]
    }, 
    "qa": {
        "tensorflow-gpu": [
            [
                "capital-common-countries", 
                5.33596837945
            ], 
            [
                "capital-world", 
                2.82369146006
            ], 
            [
                "currency", 
                0.0
            ], 
            [
                "city-in-state", 
                4.96499045194
            ], 
            [
                "family", 
                36.9281045752
            ], 
            [
                "gram1-adjective-to-adverb", 
                4.36507936508
            ], 
            [
                "gram2-opposite", 
                9.15032679739
            ], 
            [
                "gram3-comparative", 
                11.4285714286
            ], 
            [
                "gram4-superlative", 
                4.54545454545
            ], 
            [
                "gram5-present-participle", 
                12.7016129032
            ], 
            [
                "gram6-nationality-adjective", 
                8.53391684902
            ], 
            [
                "gram7-past-tense", 
                6.90690690691
            ], 
            [
                "gram8-plural", 
                12.8024193548
            ], 
            [
                "gram9-plural-verbs", 
                4.76923076923
            ], 
            [
                "total", 
                7.98826214542
            ]
        ],